"","Category","ID","Term","Count","X.","PValue","Genes","List.Total","Pop.Hits","Pop.Total","Fold.Enrichment","Bonferroni","Benjamini","FDR"
"103","GOTERM_BP_DIRECT","GO:0007010","cytoskeleton organization","9","2.719033232628399","0.010353745148873387","CCL24, DMTN, PSTPIP2, CCL3, CCL2, RHOU, SPTB, NECTIN2, FGD2","312","161","16792","3.0086000955566172","0.9999999996033844","0.20908533892870532","0.20295350927743078"
"57","GOTERM_BP_DIRECT","GO:0050830","defense response to Gram-positive bacterium","8","2.416918429003021","0.001003551995932353","P2RX7, C5AR1, CARD9, ACP5, CD36, LYZ, RPL39, TLR2","312","85","16792","5.065460030165912","0.8761192976245121","0.03662084476384726","0.035546868066445976"
"106","GOTERM_BP_DIRECT","GO:0019221","cytokine-mediated signaling pathway","8","2.416918429003021","0.011083465360219076","CCR1, CSF1R, HCK, IL1B, CCL2, IRAK3, IRF5, CCR2","312","131","16792","3.286748874535134","0.999999999914484","0.21748686744580828","0.21110864681398409"
"143","GOTERM_BP_DIRECT","GO:0043123","positive regulation of I-kappaB kinase/NF-kappaB signaling","8","2.416918429003021","0.03051261286856613","NEK6, CARD9, LPAR1, SECTM1, CD36, LTBR, LGALS9, NOD2","312","161","16792","2.6743111960503265","1.0","0.4333322568309073","0.4206239550680778"
"59","GOTERM_BP_DIRECT","GO:0030574","collagen catabolic process","7","2.1148036253776437","0.0011699708598904965","MMP14, CTSL, MMP19, CTSD, MMP9, CTSS, CTSB","312","64","16792","5.88661858974359","0.9123991068225019","0.0412464303147836","0.04003679942574427"
