"","Category","ID","Term","Count","X.","PValue","Genes","List.Total","Pop.Hits","Pop.Total","Fold.Enrichment","Bonferroni","Benjamini","FDR"
"283","GOTERM_CC_DIRECT","GO:0043235","receptor complex","9","2.719033232628399","0.001931377223999387","NRP1, LRP1, KLRC2, VDR, OLR1, TLR7, GPR84, KLRC1, ENG","324","127","18224","3.9860017497812774","0.41801379054668586","0.022532734279992847","0.020118512749993614"
"294","GOTERM_CC_DIRECT","GO:0016323","basolateral plasma membrane","9","2.719033232628399","0.015137295060888147","P2RY6, SLC7A7, KCNJ10, ANXA2, C5AR1, AQP9, ADAM9, NOD2, NAIP","324","180","18224","2.8123456790123456","0.986030087157775","0.12109836048710518","0.10812353614920106"
"298","GOTERM_CC_DIRECT","GO:0045121","membrane raft","9","2.719033232628399","0.030865947691732905","KCNE3, ANXA2, NFAM1, OLR1, CD14, CD36, CTSD, ICAM1, TLR2","324","206","18224","2.4573894282632147","0.9998460147931486","0.22059999250162815","0.19696427901931085"
"284","GOTERM_CC_DIRECT","GO:0031902","late endosome membrane","8","2.416918429003021","0.002135675348194926","IFITM3, CD63, MARCH1, HLA-DMA, HLA-DRB5, HLA-DMB, ANXA2, HLA-DRB1","324","101","18224","4.455201075663122","0.4504351871953931","0.02391956389978317","0.02135675348194926"
"304","GOTERM_CC_DIRECT","GO:0005829","cytosol","72","21.75226586102719","0.046123834475303965","CYFIP1, NRP1, CDKN1A, DOCK4, NCF1, NCF2, LRRK2, NCF4, CTNND1, HBB, ARHGEF10L, HK2, MT2A, CA1, PSTPIP2, ANPEP, PEA15, ACP5, CTSH, EPHB2, RPL39, PRKACB, GLUL, CCR2, ARHGEF11, WARS, ANXA2, SPHK1, PLA2G4C, PRKCD, SPTB, DUSP6, HCK, ALDH1A2, IL1B, ALDH1A1, PLBD1, IRF5, RHOU, CES1, FTL, PFKFB4, SRC, AK5, NLRC4, NOD2, MEFV, AIF1, FGD2, FAM129B, TYMP, ARHGAP22, ALDH3B1, ALOX5, LMNA, CCL3, NLRP3, A2M, GBP1, MSR1, GSTM1, GSN, DMTN, STAT1, ZBTB16, NEK6, CARD9, HSPA6, ARHGAP31, NAGK, GNB4, RGL1","324","3315","18224","1.2216524216524216","0.9999981896638594","0.28699274784633577","0.2562435248627998"
