"","Category","ID","Term","Count","X.","PValue","Genes","List.Total","Pop.Hits","Pop.Total","Fold.Enrichment","Bonferroni","Benjamini","FDR"
"340","GOTERM_MF_DIRECT","GO:0008201","heparin binding","9","2.719033232628399","0.009016996870988562","CXCL10, NRP1, NRP2, GPNMB, CRISPLD2, ADAMTS1, FN1, LPL, CCL2","308","160","16881","3.0829748376623374","0.9919235324678416","0.2085670580593876","0.2022943645839173"
"333","GOTERM_MF_DIRECT","GO:0002020","protease binding","8","2.416918429003021","0.0024600166091854276","CST3, SERPINA1, LRP1, ANXA2, ADAMTSL4, TIMP2, FN1, A2M","308","101","16881","4.341262697698341","0.7302719981497479","0.08179555225541546","0.07933553564623004"
"335","GOTERM_MF_DIRECT","GO:0004222","metalloendopeptidase activity","8","2.416918429003021","0.004597072009292803","ADAMDEC1, MMP14, ADAM28, ADAMTS1, ADAMTSL4, ADAM9, MMP19, MMP9","308","113","16881","3.8802436501551547","0.9138168842476712","0.1326772307698347","0.12868693811510284"
"354","GOTERM_MF_DIRECT","GO:0005125","cytokine activity","8","2.416918429003021","0.04223503057653338","GRN, IL1RN, CXCL9, CSF1, TNFSF15, IL1B, SPP1, SECTM1","308","176","16881","2.49129279811098","0.9999999998929071","0.6072712504517773","0.5890074534457088"
"353","GOTERM_MF_DIRECT","GO:0020037","heme binding","7","2.1148036253776437","0.03927090759831926","CYP27A1, SRC, CYP2S1, CYBB, HBB, FLVCR2, CYP1B1","308","137","16881","2.8004313205043134","0.9999999994457558","0.5803367456196069","0.5628830089092428"
